car_id,year,mileage_km,engine_l,fuel,transmission,price_eur,city,scraped_date,predicted_price,residual
car_001,2005,174332,1.1,Benzin,Manuelni 5 brzina,1500,Šabac,2026-07-15,1778.1316555240187,-278.1316555240187
car_002,2020,120252,1.5,Dizel,Manuelni 5 brzina,9650,Kraljevo,2026-07-15,8409.650562380066,1240.3494376199342
car_003,2013,173130,1.4,Dizel,Manuelni 5 brzina,4450,Čačak,2026-07-15,5202.325715781017,-752.3257157810167
car_004,2021,108792,1.5,Dizel,Manuelni 6 brzina,11490,Beograd,2026-07-15,8883.753993254937,2606.246006745063
car_005,2019,99300,1.2,Benzin,Manuelni 5 brzina,9699,Beograd,2026-07-15,8067.60293878533,1631.3970612146704
car_006,2017,111074,1.2,Benzin,Manuelni 5 brzina,7790,Beograd,2026-07-15,7164.808085795942,625.1919142040579
car_007,2019,62539,1.2,Benzin,,9890,Beograd,2026-07-15,8217.377822514352,1672.6221774856476
car_008,2014,185000,1.6,Dizel,Manuelni 5 brzina,5300,Ražanj,2026-07-15,5581.376018683361,-281.3760186833606
car_009,2021,77530,1.2,Benzin,Manuelni 5 brzina,9990,Majur,2026-07-15,9011.124369880617,978.8756301193825
car_010,2011,190000,1.6,Dizel,Manuelni 5 brzina,4890,Kać,2026-07-15,4278.76829356111,611.2317064388899
car_011,2019,44797,1.2,Benzin,Manuelni 5 brzina,8000,Kolari,2026-07-15,8289.66383179376,-289.6638317937595
car_012,2019,86000,1.2,Benzin,Manuelni 6 brzina,8500,Beograd,2026-07-15,8121.790962875969,378.20903712403106
car_013,2018,148000,1.2,Benzin,,8750,Borča,2026-07-15,7441.773040456552,1308.2269595434482
car_014,2020,154000,1.5,Dizel,Manuelni 5 brzina,6800,Beograd,2026-07-15,8272.151506965713,-1472.1515069657125
car_015,2021,169313,1.5,Dizel,Manuelni 6 brzina,8890,Zemun,2026-07-15,8637.174037917373,252.82596208262657
car_016,2020,165501,1.5,Dizel,Manuelni 5 brzina,8290,Beograd,2026-07-15,8225.293126133649,64.70687386635109
car_017,2020,36863,1.2,Benzin,Manuelni 5 brzina,9290,Majur,2026-07-15,8749.401324853323,540.5986751466771
car_018,2022,72000,1.2,Benzin,Manuelni 5 brzina,9499,Veternik,2026-07-15,9461.067275728727,37.9327242712734
car_019,2009,171200,1.1,Benzin + Gas (TNG),Manuelni 5 brzina,3450,Kraljevo,2026-07-15,3500.5407073798997,-50.540707379899686
car_020,2008,184900,1.4,Dizel,Manuelni 5 brzina,3499,Kragujevac,2026-07-15,3017.3108724475414,481.68912755245856
car_021,2018,150390,1.2,Benzin,Manuelni 5 brzina,7190,Petrovaradin,2026-07-15,7432.0354932703385,-242.03549327033852
car_022,2019,160214,1.5,Dizel,Manuelni 5 brzina,7950,Kragujevac,2026-07-15,7819.421788450201,130.57821154979865
car_023,2020,155498,1.2,Benzin,Manuelni 5 brzina,6990,Čačak,2026-07-15,8266.048224252345,-1276.0482242523449
car_024,2019,162423,1.2,Benzin,Manuelni 5 brzina,7499,Pančevo,2026-07-15,7810.421687306124,-311.4216873061241
car_025,2021,44306,1.2,Benzin,Manuelni 6 brzina,11390,Zemun,2026-07-15,9146.48849863155,2243.51150136845
car_026,2017,158000,1.2,Benzin,Manuelni 5 brzina,7500,Novi Sad,2026-07-15,6973.618069369074,526.381930630926
car_027,2010,177125,1.4,Benzin,Manuelni 5 brzina,4650,Aleksinac,2026-07-15,3903.8126496220066,746.1873503779934
car_028,2018,172646,1.5,Dizel,Manuelni 6 brzina,9398,Beograd,2026-07-15,7341.358150100318,2056.641849899682
car_029,2019,115000,1.5,Dizel,Manuelni 6 brzina,8290,Novi Sad,2026-07-15,8003.636624633221,286.3633753667791
car_030,2018,153000,1.6,Dizel,Manuelni 5 brzina,6650,Šabac,2026-07-15,7421.401602828491,-771.4016028284914
car_031,2020,136579,1.5,Dizel,Manuelni 5 brzina,8490,Beograd,2026-07-15,8343.129669949398,146.8703300506022
car_032,2015,123603,1.0,Benzin,Manuelni 5 brzina,5700,Novi Sad,2026-07-15,6258.9371457248335,-558.9371457248335
car_033,2020,143689,1.5,Dizel,Manuelni 5 brzina,8550,Jagodina,2026-07-15,8314.161485642297,235.8385143577034
car_034,2012,225000,1.4,Dizel,Manuelni 5 brzina,5199,Starčevo,2026-07-15,4563.580325996165,635.4196740038351
car_035,2021,142000,1.5,Dizel,Manuelni 6 brzina,9250,Kraljevo,2026-07-15,8748.455053104413,501.5449468955867
car_036,2017,105000,1.2,Benzin,Manuelni 5 brzina,6999,Umka,2026-07-15,7189.555308226509,-190.5553082265087
car_037,2021,130325,1.2,Benzin,Manuelni 5 brzina,7990,Aranđelovac,2026-07-15,8796.022359965933,-806.022359965933
car_038,2017,155000,1.6,Dizel,Manuelni 5 brzina,7990,Novi Sad,2026-07-15,6985.84093194591,1004.1590680540903
car_039,2020,143000,1.2,Benzin,Manuelni 5 brzina,8700,Resnik,2026-07-15,8316.968669747443,383.0313302525574
car_040,2018,97015,1.2,Benzin,Manuelni 5 brzina,7450,Jagodina,2026-07-15,7649.500589949878,-199.5005899498783
car_041,2020,121209,1.2,Benzin,,9690,Beograd,2026-07-15,8405.751469218054,1284.248530781946
car_042,2021,172000,1.5,Dizel,Manuelni 6 brzina,8550,Kragujevac,2026-07-15,8626.226427336054,-76.22642733605426
car_043,2016,116000,1.0,Benzin,Manuelni 5 brzina,4850,Beograd,2026-07-15,6717.326049613419,-1867.326049613419
car_044,2013,179310,1.4,Dizel,Manuelni 5 brzina,4999,Kragujevac,2026-07-15,5177.1466188727345,-178.1466188727345
car_045,2018,70454,1.2,Benzin,,8950,Kraljevo,2026-07-15,7757.717740917658,1192.2822590823416
car_046,2021,132017,1.5,Dizel,Manuelni 6 brzina,9690,Beograd,2026-07-15,8789.128665472597,900.8713345274027
car_047,2014,163071,1.4,Dizel,Manuelni 5 brzina,4650,Vranje,2026-07-15,5670.721069832505,-1020.7210698325052
car_048,2010,184000,1.6,Benzin,Manuelni 5 brzina,4199,Niš,2026-07-15,3875.801922883424,323.19807711657586
car_049,2019,106396,1.2,Benzin,,9450,Šabac,2026-07-15,8038.691794503587,1411.3082054964134
car_050,2018,91800,1.5,Dizel,Manuelni 6 brzina,8300,Kragujevac,2026-07-15,7670.747999395945,629.252000604055
car_051,2015,147653,1.2,Benzin,Manuelni 5 brzina,4650,Kraljevo,2026-07-15,6160.950530733865,-1510.950530733865
car_052,2010,168000,1.6,Benzin,Manuelni 5 brzina,4300,Pirot,2026-07-15,3940.990523293216,359.00947670678397
car_053,2015,144930,1.2,Benzin,Manuelni 5 brzina,5600,Beograd,2026-07-15,6172.044815666107,-572.0448156661068
car_054,2019,129671,1.2,Benzin,Manuelni 5 brzina,8950,Šabac,2026-07-15,7943.862752344968,1006.1372476550323
car_055,2019,160000,1.5,Dizel,Manuelni 5 brzina,7450,Kragujevac,2026-07-15,7820.293685980682,-370.2936859806823
car_056,2019,163000,1.5,Dizel,Manuelni 6 brzina,8300,Topola,2026-07-15,7808.070823403846,491.9291765961543
car_057,2017,98500,1.2,Benzin,Manuelni 5 brzina,6250,Čukarica,2026-07-15,7216.038177142987,-966.0381771429866
car_058,2018,149000,1.6,Dizel,Manuelni 5 brzina,8700,Beograd,2026-07-15,7437.698752930939,1262.301247069061
car_059,2013,136000,1.0,Benzin,Manuelni 5 brzina,4699,Šabac,2026-07-15,5353.60401160699,-654.6040116069898
car_060,2008,201000,1.4,Dizel,Manuelni 5 brzina,3200,Beograd,2026-07-15,2951.714843285188,248.28515671481182
car_061,2010,192000,1.4,Benzin,Manuelni 5 brzina,2800,Novi Sad,2026-07-15,3843.2076226785284,-1043.2076226785284
car_062,2013,170000,1.2,Benzin,Manuelni 5 brzina,4250,Novi Sad,2026-07-15,5215.078235736182,-965.0782357361823
car_063,2020,87510,1.2,Benzin,Manuelni 5 brzina,9300,Jagodina,2026-07-15,8543.050884543653,756.9491154563475
car_064,2019,165611,1.2,Benzin,Manuelni 5 brzina,6950,Kragujevac,2026-07-15,7797.432858674473,-847.4328586744732
car_065,2012,210000,1.6,Dizel,Manuelni 5 brzina,5450,Loznica,2026-07-15,4624.694638880344,825.3053611196556
car_066,2021,56700,1.2,Benzin,Manuelni 5 brzina,7999,Kragujevac,2026-07-15,9095.991779039115,-1096.9917790391155
car_067,2009,68000,1.4,Benzin,Manuelni 5 brzina,3390,Beograd,2026-07-15,3921.0071800230567,-531.0071800230567
car_068,2018,125000,1.2,Benzin,Manuelni 5 brzina,7800,Beograd,2026-07-15,7535.4816535456275,264.5183464543725
car_069,2014,124325,1.2,Benzin,Manuelni 5 brzina,5650,Paraćin,2026-07-15,5828.583414299867,-178.5834142998674
car_070,2020,147453,1.5,Dizel,Manuelni 5 brzina,8650,Aranđelovac,2026-07-15,8298.825867395894,351.1741326041065
car_071,2021,113221,1.2,Benzin,Manuelni 5 brzina,7800,Beograd,2026-07-15,8865.708973804001,-1065.7089738040013
car_072,2019,70782,1.2,Benzin,Manuelni 5 brzina,9690,Beograd,2026-07-15,8183.793470440732,1506.2065295592683
car_073,2021,139000,1.5,Dizel,Manuelni 6 brzina,9150,Kragujevac,2026-07-15,8760.67791568125,389.32208431875006
car_074,2021,169000,1.5,Dizel,Manuelni 6 brzina,8650,Kragujevac,2026-07-15,8638.449289912889,11.550710087110929
car_075,2016,105795,1.2,Benzin,Manuelni 5 brzina,6590,Ada,2026-07-15,6758.904153812289,-168.90415381228922
car_076,2019,110000,1.2,Benzin,,8150,Novi Beograd,2026-07-15,8024.008062261281,125.99193773871866
car_077,2018,74334,1.2,Benzin,,9550,Šabac,2026-07-15,7741.909505318284,1808.0904946817163
car_078,2021,164000,1.5,Dizel,Manuelni 6 brzina,8950,Kragujevac,2026-07-15,8658.82072754095,291.1792724590505
car_079,2012,166000,1.2,Benzin,Manuelni 5 brzina,4199,Niš,2026-07-15,4803.963290007272,-604.963290007272
car_080,2017,170000,1.6,Dizel,Manuelni 5 brzina,6800,Beograd,2026-07-15,6924.72661906173,-124.72661906173016
car_081,2018,34117,1.2,Benzin,Manuelni 5 brzina,8900,Beograd,2026-07-15,7905.7651267358215,994.2348732641785
car_082,2019,109355,1.2,Benzin,Manuelni 5 brzina,6450,Kraljevo,2026-07-15,8026.635977715301,-1576.6359777153011
car_083,2019,152704,1.5,Dizel,Manuelni 6 brzina,7990,Niš,2026-07-15,7850.019687767547,139.9803122324529
car_084,2010,171000,1.6,Dizel,Manuelni 5 brzina,4250,Paraćin,2026-07-15,3928.7676607163803,321.2323392836197
car_085,2019,61000,1.2,Benzin,Manuelni 5 brzina,6790,Novi Sad,2026-07-15,8223.648151016268,-1433.6481510162685
car_086,2015,155062,1.2,Benzin,Manuelni 5 brzina,5600,Novi Beograd,2026-07-15,6130.764134456606,-530.7641344566064
car_087,2011,184000,1.4,Dizel,Manuelni 5 brzina,4250,Beograd,2026-07-15,4303.2140187147825,-53.21401871478247
car_088,2020,163493,1.5,Dizel,Manuelni 5 brzina,8290,Čačak,2026-07-15,8233.474295485077,56.525704514922836
car_089,2012,211000,1.1,Benzin,Manuelni 5 brzina,3200,Beograd,2026-07-15,4620.6203513547325,-1420.6203513547325
car_090,2019,206852,1.6,Dizel,Manuelni 5 brzina,7499,Bela Crkva,2026-07-15,7629.405166830709,-130.40516683070928
car_091,2019,95700,1.5,Dizel,Manuelni 5 brzina,7900,Voždovac,2026-07-15,8082.270373877533,-182.27037387753262
car_092,2020,102960,1.5,Dizel,Manuelni 5 brzina,8750,Jagodina,2026-07-15,8480.103142272947,269.89685772705343
car_093,2021,97080,1.2,Benzin,Manuelni 5 brzina,8290,Čačak,2026-07-15,8931.472048754904,-641.4720487549039
car_094,2010,137259,1.4,Benzin,Manuelni 5 brzina,4350,Kanjiža,2026-07-15,4066.238196118054,283.761803881946
car_095,2014,235000,1.4,Dizel,Manuelni 5 brzina,4650,Novi Beograd,2026-07-15,5377.661642402761,-727.6616424027607
car_096,2020,98000,1.2,Benzin,,10299,Veternik,2026-07-15,8500.311608399983,1798.688391600017
car_097,2022,115188,1.2,Benzin,Manuelni 6 brzina,9990,Zemun,2026-07-15,9285.106946072596,704.8930539274043
car_098,2005,226000,1.4,Dizel,Manuelni 5 brzina,2500,Beograd,2026-07-15,1567.6213676506986,932.3786323493014
car_099,2019,100000,1.2,Benzin,Manuelni 5 brzina,6290,Novi Sad,2026-07-15,8064.750937517401,-1774.7509375174013
car_100,2011,206000,1.6,Dizel,Manuelni 5 brzina,4799,Šabac,2026-07-15,4213.579693151319,585.4203068486813
car_101,2018,165543,1.6,Dizel,Manuelni 5 brzina,7850,Veternik,2026-07-15,7370.29781439474,479.70218560525973
car_102,2018,175000,1.2,Benzin,Manuelni 6 brzina,6900,Kruševac,2026-07-15,7331.767277265028,-431.7672772650276
car_103,2011,187000,1.6,Dizel,Manuelni 5 brzina,4390,Šabac,2026-07-15,4290.991156137946,99.00884386205416
car_104,2019,94684,1.2,Benzin,Manuelni 6 brzina,6650,Kraljevo,2026-07-15,8086.409850003554,-1436.4098500035543
car_105,2020,180000,1.5,Dizel,Manuelni 5 brzina,8250,Kragujevac,2026-07-15,8166.2200312998,83.77996870019979
car_106,2007,180882,1.4,Dizel,Manuelni 5 brzina,2750,Kragujevac,2026-07-15,2606.2692638940925,143.73073610590745
car_107,2014,176500,1.0,Benzin + Gas (TNG),Manuelni 5 brzina,4750,Niš,2026-07-15,5616.007462651062,-866.0074626510623
car_108,2019,55080,1.2,Benzin,Manuelni 5 brzina,7450,Kraljevo,2026-07-15,8247.767933167892,-797.7679331678919
car_109,2020,95020,1.2,Benzin,Manuelni 5 brzina,8590,Beograd,2026-07-15,8512.452985226306,77.54701477369417
car_110,2016,138000,1.0,Benzin,Manuelni 5 brzina,5499,Beograd,2026-07-15,6627.691724049955,-1128.6917240499552
car_111,2017,105380,1.2,Benzin,Manuelni 5 brzina,6999,Beograd,2026-07-15,7188.007078966776,-189.00707896677613
car_112,2018,110552,1.2,Benzin,Manuelni 5 brzina,6999,Niš,2026-07-15,7594.346959715669,-595.3469597156691
car_113,2021,84000,1.2,Benzin,Manuelni 5 brzina,7499,Novi Sad,2026-07-15,8984.763729589908,-1485.7637295899076
car_114,2021,107719,1.2,Benzin,Manuelni 5 brzina,7999,Beograd,2026-07-15,8888.125703769918,-889.1257037699179
car_115,2021,59260,1.2,Benzin,Manuelni 5 brzina,8990,Čačak,2026-07-15,9085.561602973548,-95.56160297354836
car_116,2012,193000,1.1,Benzin,Manuelni 5 brzina,3999,Kragujevac,2026-07-15,4693.957526815749,-694.9575268157487
car_117,2016,235294,1.6,Dizel,Manuelni 5 brzina,5950,Šabac,2026-07-15,6231.287993533063,-281.28799353306295
car_118,2011,220000,1.4,Benzin,Manuelni 5 brzina,4500,Aleksinac,2026-07-15,4156.539667792751,343.46033220724894
car_119,2003,354202,1.4,Dizel,Manuelni 5 brzina,1350,Leskovac,2026-07-15,190.4653666294755,1159.5346333705245
car_120,2020,140345,1.5,Dizel,Manuelni 5 brzina,7990,Aranđelovac,2026-07-15,8327.785903127944,-337.78590312794404
car_121,2021,102836,1.2,Benzin,Manuelni 5 brzina,8550,Jagodina,2026-07-15,8908.020449757481,-358.0204497574814
car_122,2011,182905,1.4,Dizel,Manuelni 5 brzina,4100,Šabac,2026-07-15,4307.675363555327,-207.67536355532684
car_123,2008,248326,1.4,Benzin + Metan (CNG),Manuelni 5 brzina,2199,Obrenovac,2026-07-15,2758.8951118480754,-559.8951118480754
car_124,2019,161000,1.6,Dizel,Manuelni 5 brzina,7990,Borča,2026-07-15,7816.21939845507,173.7806015449296
car_125,2020,111591,1.2,Benzin,Manuelni 6 brzina,9690,Beograd,2026-07-15,8444.93796663939,1245.0620333606093
car_126,2021,106538,1.2,Benzin,Manuelni 5 brzina,8790,Beograd,2026-07-15,8892.937437337665,-102.93743733766496
car_127,2020,73012,1.2,Benzin,Manuelni 5 brzina,8590,Beograd,2026-07-15,8602.119905089976,-12.119905089975873
car_128,2018,85704,1.2,Benzin,,8800,Beograd,2026-07-15,7695.584856152076,1104.415143847924
car_129,2014,160000,1.0,Benzin,Manuelni 5 brzina,3700,Novi Beograd,2026-07-15,5683.23320682366,-1983.23320682366
car_130,2016,182000,1.6,Dizel,Manuelni 5 brzina,5700,Beograd,2026-07-15,6448.4230729230285,-748.4230729230285
car_131,2021,163730,1.5,Dizel,Manuelni 6 brzina,7900,Kragujevac,2026-07-15,8659.920785172864,-759.9207851728643
car_132,2014,192931,1.4,Dizel,Manuelni 5 brzina,4550,Kragujevac,2026-07-15,5549.062844317732,-999.062844317732
car_133,2022,129979,1.2,Benzin,Manuelni 5 brzina,8400,Beograd,2026-07-15,9224.844159281269,-824.8441592812687
car_134,2015,174000,1.0,Benzin,Manuelni 5 brzina,5350,Beograd,2026-07-15,6053.605277296567,-703.6052772965668
car_135,2016,185000,1.6,Dizel,Manuelni 5 brzina,4900,Beograd,2026-07-15,6436.200210346193,-1536.2002103461928
car_136,2020,68000,1.2,Benzin,Manuelni 5 brzina,9500,Novi Beograd,2026-07-15,8622.540234168342,877.4597658316579
car_137,2010,194000,1.4,Benzin,Manuelni 5 brzina,3890,Ugrinovci,2026-07-15,3835.0590476273046,54.94095237269539
car_138,2021,25690,1.2,Benzin,Manuelni 5 brzina,9999,Beograd,2026-07-15,9222.335435208342,776.6645647916575
car_139,2019,107616,1.5,Dizel,Manuelni 5 brzina,8950,Jagodina,2026-07-15,8033.72116372234,916.27883627766
car_140,2003,250000,1.4,Dizel,Manuelni 5 brzina,1480,Vranje,2026-07-15,615.0142753732954,864.9857246267046
car_141,2021,136000,1.2,Benzin,Manuelni 5 brzina,8150,Subotica,2026-07-15,8772.900778258085,-622.9007782580848
car_142,2022,70000,1.2,Benzin,Manuelni 5 brzina,9150,Beograd,2026-07-15,9469.21585077995,-319.2158507799504
car_143,2009,192839,1.4,Benzin,Manuelni 5 brzina,2950,Beograd,2026-07-15,3412.377199613182,-462.3771996131818
car_144,2010,198287,1.4,Benzin + Gas (TNG),Manuelni 5 brzina,4200,Niš,2026-07-15,3817.5925770050058,382.40742299499425
car_145,2005,321000,1.4,Dizel,Manuelni 5 brzina,1700,Kruševac,2026-07-15,1180.5640527175603,519.4359472824397
car_146,2011,215850,1.6,Dizel,Manuelni 5 brzina,4250,Šabac,2026-07-15,4173.4479610240405,76.55203897595948
car_147,2017,109605,1.2,Benzin,Manuelni 5 brzina,8450,Valjevo,2026-07-15,7170.793214171065,1279.2067858289347
car_148,2019,116000,1.2,Benzin,Manuelni 5 brzina,5990,Novi Beograd,2026-07-15,7999.562337107609,-2009.562337107609
car_149,2022,45776,1.2,Benzin,Manuelni 6 brzina,11899,Beograd,2026-07-15,9567.911391800375,2331.088608199625
car_150,2017,135000,1.2,Benzin,Manuelni 5 brzina,8500,Žarkovo,2026-07-15,7067.32668245815,1432.6733175418503
car_151,2015,161000,1.0,Benzin,Manuelni 5 brzina,3790,Ruma,2026-07-15,6106.5710151295225,-2316.5710151295225
car_152,2016,157000,1.2,Benzin,Manuelni 5 brzina,4990,Ruma,2026-07-15,6550.280261063328,-1560.280261063328
car_153,2009,165906,1.1,Benzin,Manuelni 5 brzina,2900,Aleksandrovac,2026-07-15,3522.1099855404896,-622.1099855404896
car_154,2013,190222,1.6,Dizel,Manuelni 5 brzina,5500,Kula,2026-07-15,5132.687993393257,367.3120066067431
car_155,2014,130000,1.2,Benzin,Manuelni 5 brzina,4899,Niš,2026-07-15,5805.461832592019,-906.4618325920192
car_156,2010,178334,1.1,Benzin,Manuelni 5 brzina,3199,Smederevska Palanka,2026-07-15,3898.8868360035417,-699.8868360035417
car_157,2022,131993,1.2,Benzin,,11290,Beograd,2026-07-15,9216.638544204687,2073.3614557953133
car_158,2019,37500,1.2,Benzin,Manuelni 5 brzina,9000,Bežanijska Kosa,2026-07-15,8319.39390786815,680.6060921318494
car_159,2007,165000,1.6,Dizel,Manuelni 5 brzina,2500,Kragujevac,2026-07-15,2670.9770983758617,-170.97709837586171
car_160,2021,66756,1.2,Benzin,Manuelni 5 brzina,7650,Kraljevo,2026-07-15,9055.020743681562,-1405.0207436815617
car_161,2021,128886,1.2,Benzin,Manuelni 5 brzina,8550,Jagodina,2026-07-15,8801.885259715289,-251.88525971528907
car_162,2021,128110,1.5,Dizel,Manuelni 5 brzina,10250,Jagodina,2026-07-15,8805.046906835163,1444.953093164837
car_163,2021,129000,1.2,Benzin,,9999,Požega,2026-07-15,8801.420790937369,1197.579209062631
car_164,2019,107455,1.5,Dizel,Manuelni 5 brzina,8950,Jagodina,2026-07-15,8034.377124013964,915.622875986036
car_165,2016,100000,1.2,Benzin,Manuelni 5 brzina,5650,Zvezdara,2026-07-15,6782.514650023211,-1132.5146500232113
car_166,2020,29733,1.2,Benzin,Manuelni 5 brzina,8650,Kragujevac,2026-07-15,8778.450994910936,-128.45099491093606
car_167,2016,131000,1.2,Benzin,Manuelni 5 brzina,6500,Požarevac,2026-07-15,6656.211736729239,-156.21173672923942
car_168,2015,158200,1.2,Benzin,Manuelni 5 brzina,5490,Stara Pazova,2026-07-15,6117.9790202012355,-627.9790202012355
car_169,2014,107000,1.2,Benzin,Manuelni 5 brzina,4990,Petrovaradin,2026-07-15,5899.170445681095,-909.1704456810949
car_170,2020,192132,1.5,Dizel,Manuelni 6 brzina,7900,Beograd,2026-07-15,8116.790775039076,-216.79077503907592
car_171,2005,260000,1.4,Dizel,Manuelni 5 brzina,2300,Kikinda,2026-07-15,1429.0955917798913,870.9044082201087
car_172,2017,125158,1.2,Benzin,Manuelni 5 brzina,7450,Nova Varoš,2026-07-15,7107.4258202852225,342.57417971477753
car_173,2022,110026,1.5,Dizel,Manuelni 6 brzina,10250,Jagodina,2026-07-15,9306.138418279805,943.8615817201953
car_174,2015,182000,1.2,Benzin,Manuelni 5 brzina,4599,Niš,2026-07-15,6021.010977091671,-1422.0109770916706
car_175,2012,193000,1.4,Dizel,Manuelni 5 brzina,4900,Rakovica,2026-07-15,4693.957526815749,206.04247318425132
car_176,2025,13824,1.2,Benzin,Manuelni 6 brzina,11999,Novi Beograd,2026-07-15,10980.32931431292,1018.6706856870805
car_177,2011,195000,1.6,Dizel,Manuelni 5 brzina,4350,Loznica,2026-07-15,4258.396855933051,91.60314406694943
car_178,2021,25000,1.2,Benzin,Manuelni 5 brzina,6800,Loznica,2026-07-15,9225.146693601015,-2425.1466936010147
car_179,2019,105443,1.2,Benzin,Manuelni 5 brzina,6900,Čukarica,2026-07-15,8042.5745905154945,-1142.5745905154945
car_180,2022,57676,1.2,Benzin,Manuelni 5 brzina,10990,Beograd,2026-07-15,9519.427370245592,1470.572629754408
car_181,2022,24000,1.2,Benzin,Manuelni 5 brzina,9700,Bežanijska Kosa,2026-07-15,9656.633076958102,43.36692304189819
car_182,2015,163087,1.4,Dizel,Manuelni 5 brzina,5499,Beograd,2026-07-15,6098.06797706357,-599.0679770635697
car_183,2016,143000,1.2,Benzin,Manuelni 5 brzina,5599,Kraljevo,2026-07-15,6607.320286421896,-1008.3202864218956
car_184,2021,34000,1.2,Benzin,Manuelni 6 brzina,9999,Loznica,2026-07-15,9188.478105870508,810.5218941294916
car_185,2010,192000,1.4,Dizel,Manuelni 5 brzina,3990,Aranđelovac,2026-07-15,3843.2076226785284,146.79237732147158
car_186,2019,78000,1.2,Benzin,Manuelni 5 brzina,8000,Beograd,2026-07-15,8154.385263080865,-154.38526308086512
car_187,2017,49471,1.2,Benzin,Manuelni 6 brzina,7500,Kraljevo,2026-07-15,7415.796420236216,84.20357976378364
car_188,2012,140000,1.4,Benzin,Manuelni 5 brzina,4498,Novi Sad,2026-07-15,4909.894765673183,-411.89476567318343
car_189,2018,132000,1.2,Benzin,Manuelni 5 brzina,7650,Novi Sad,2026-07-15,7506.961640866343,143.03835913365674
car_190,2022,101000,1.2,Benzin,Manuelni 5 brzina,7950,Beograd,2026-07-15,9342.912937485979,-1392.9129374859785
car_191,2016,172701,1.6,Dizel,Manuelni 5 brzina,6800,Čačak,2026-07-15,6486.309872623694,313.690127376306
car_192,2020,102000,1.2,Benzin,Manuelni 5 brzina,8599,Novi Sad,2026-07-15,8484.014458297535,114.98554170246462
car_193,2017,45410,1.2,Benzin,Manuelni 5 brzina,6999,Beograd,2026-07-15,7432.342101877727,-433.34210187772715
car_194,2018,200000,1.6,Dizel,Manuelni 5 brzina,7500,Užice,2026-07-15,7229.910089124728,270.0899108752719
car_195,2012,267500,1.4,Dizel,Manuelni 5 brzina,3899,Bečej,2026-07-15,4390.423106157656,-491.42310615765564
car_196,2019,123028,1.5,Dizel,Manuelni 5 brzina,8000,Kragujevac,2026-07-15,7970.928244377608,29.07175562239172
car_197,2010,257000,1.4,Dizel,Manuelni 5 brzina,3999,Šabac,2026-07-15,3578.3789335137494,420.6210664862506
car_198,2023,90704,1.2,Benzin,Manuelni 5 brzina,9800,Kragujevac,2026-07-15,9812.273897681038,-12.273897681037852
car_199,2005,215342,1.4,Benzin,Manuelni 5 brzina,999,Loznica,2026-07-15,1611.0451240986713,-612.0451240986713
car_200,2017,147112,1.2,Benzin,Manuelni 5 brzina,7490,Bežanijska Kosa,2026-07-15,7017.978911947937,472.0210880520626
car_201,2021,108817,1.5,Dizel,Manuelni 6 brzina,10250,Jagodina,2026-07-15,8883.652136066796,1366.3478639332043
car_202,2022,116597,1.5,Dizel,Manuelni 6 brzina,9750,Jagodina,2026-07-15,9279.366274949009,470.6337250509914
car_203,2019,165002,1.5,Dizel,Manuelni 5 brzina,7800,Kragujevac,2026-07-15,7799.914099777571,0.08590022242879058
car_204,2014,184240,1.6,Dizel,Manuelni 5 brzina,4700,Ruma,2026-07-15,5584.472477202826,-884.4724772028258
car_205,2019,94761,1.2,Benzin,Manuelni 5 brzina,6900,Beograd,2026-07-15,8086.096129864082,-1186.0961298640823
car_206,2019,94644,1.2,Benzin,,9300,Beograd,2026-07-15,8086.572821504578,1213.4271784954217
car_207,2010,221000,1.4,Benzin + Gas (TNG),Manuelni 5 brzina,4690,Beograd,2026-07-15,3725.053284435781,964.9467155642192
car_208,2012,214070,1.1,Benzin,Manuelni 5 brzina,4200,Čačak,2026-07-15,4608.112288651104,-408.1122886511039
car_209,2017,190055,1.2,Benzin,Manuelni 5 brzina,6790,Beograd,2026-07-15,6843.016782735582,-53.01678273558173
car_210,2018,157273,1.6,Dizel,Manuelni 5 brzina,7749,Nova Varoš,2026-07-15,7403.992172231551,345.0078277684488
car_211,2011,183400,1.6,Dizel,Manuelni 5 brzina,4290,Šabac,2026-07-15,4305.658591230149,-15.658591230148886
car_212,2008,193214,1.4,Benzin + Gas (TNG),Manuelni 5 brzina,2100,Prigrevica,2026-07-15,2983.4372459596034,-883.4372459596034
car_213,2019,136389,1.2,Benzin,Manuelni 5 brzina,8700,Kraljevo,2026-07-15,7916.491688747907,783.5083112520933
car_214,2017,244000,1.6,Dizel,Manuelni 5 brzina,7750,Niš,2026-07-15,6623.2293421664435,1126.7706578335565
car_215,2012,180000,1.4,Dizel,,4699,Vrčin,2026-07-15,4746.923264648704,-47.92326464870439
car_216,2019,204000,1.5,Dizel,Manuelni 5 brzina,8290,Prokuplje,2026-07-15,7641.025034853755,648.9749651462453
car_217,2020,103346,1.2,Benzin,Manuelni 6 brzina,10550,Beograd,2026-07-15,8478.530467288061,2071.469532711939
car_218,2010,200102,1.4,Benzin,Manuelni 5 brzina,3999,Novi Sad,2026-07-15,3810.19774514602,188.80225485397978
car_219,2012,110000,1.1,Benzin,Manuelni 5 brzina,4750,Čačak,2026-07-15,5032.123391441543,-282.1233914415434
car_220,2018,256000,1.6,Dizel,Manuelni 5 brzina,6499,Ražanj,2026-07-15,7001.749987690457,-502.7499876904567
car_221,2018,137850,1.5,Dizel,Manuelni 6 brzina,6700,Beograd,2026-07-15,7483.127058841513,-783.1270588415127
car_222,2015,83950,1.2,Benzin,Manuelni 5 brzina,5450,Valjevo,2026-07-15,6420.494868977926,-970.4948689779258
car_223,2021,120733,1.5,Dizel,Manuelni 6 brzina,9590,Beograd,2026-07-15,8835.102925911604,754.897074088396
car_224,2017,335000,1.2,Benzin + Gas (TNG),Manuelni 5 brzina,5299,Leštane,2026-07-15,6252.469177335753,-953.4691773357526
car_225,2011,180000,1.6,Dizel,Manuelni 5 brzina,4300,Futog,2026-07-15,4319.51116881723,-19.5111688172301
car_226,2011,190350,1.6,Dizel,Manuelni 5 brzina,4950,Veternik,2026-07-15,4277.3422929271455,672.6577070728545
car_227,2020,143285,1.2,Benzin,Manuelni 5 brzina,7650,Kragujevac,2026-07-15,8315.807497802643,-665.8074978026434
car_228,2011,151920,1.4,Dizel,Manuelni 5 brzina,3700,Beograd,2026-07-15,4433.917162536414,-733.9171625364143
car_229,2018,151769,1.6,Dizel,Manuelni 5 brzina,7490,Veternik,2026-07-15,7426.41705077252,63.58294922747973
car_230,2012,218000,1.4,Dizel,,4999,Šabac,2026-07-15,4592.100338675449,406.89966132455083
car_231,2019,116081,1.2,Benzin,,9490,Beograd,2026-07-15,7999.232319818035,1490.7676801819653
car_232,2009,145323,1.4,Benzin,Manuelni 5 brzina,2690,Novi Sad,2026-07-15,3605.9710456801613,-915.9710456801613
car_233,2003,227000,1.4,Benzin,Manuelni 5 brzina,1750,Subotica,2026-07-15,708.722888462371,1041.277111537629
car_234,2016,188020,1.6,Dizel,Manuelni 5 brzina,5950,Čačak,2026-07-15,6423.895862018844,-473.8958620188441
car_235,2020,84323,1.2,Benzin,Manuelni 5 brzina,7699,Zemun,2026-07-15,8556.035638887777,-857.0356388877772
car_236,2018,132940,1.2,Benzin,Manuelni 5 brzina,7399,Veternik,2026-07-15,7503.131810592268,-104.13181059226827
car_237,2018,66165,1.2,Benzin,Manuelni 5 brzina,7450,Kosjerić,2026-07-15,7775.192360115008,-325.19236011500834
car_238,2019,148000,1.2,Benzin,Manuelni 5 brzina,7250,Kosjerić,2026-07-15,7869.185136288026,-619.1851362880261
car_239,2019,155600,1.5,Dizel,Manuelni 6 brzina,7499,Zemun,2026-07-15,7838.2205510933745,-339.2205510933745
car_240,2021,120595,1.2,Benzin,Manuelni 5 brzina,8200,Jagodina,2026-07-15,8835.665177590137,-635.6651775901373
car_241,2021,127564,1.5,Dizel,Manuelni 6 brzina,9950,Jagodina,2026-07-15,8807.271467824148,1142.7285321758518
car_242,2012,175000,1.4,Dizel,Manuelni 5 brzina,4650,Subotica,2026-07-15,4767.294702276764,-117.29470227676393
car_243,2004,121974,1.4,Dizel,Manuelni 5 brzina,2600,Beograd,2026-07-15,1564.0411059586531,1035.9588940413469
car_244,2007,194856,1.4,Dizel,Manuelni 5 brzina,1850,Novi Sad,2026-07-15,2549.3351700111907,-699.3351700111907
car_245,2021,159000,1.5,Dizel,Manuelni 6 brzina,8500,Beograd,2026-07-15,8679.19216516901,-179.19216516900997
car_246,2021,108637,1.2,Benzin,,10250,Leskovac,2026-07-15,8884.385507821406,1365.6144921785944
car_247,2019,40000,1.2,Benzin,Manuelni 5 brzina,7900,Šabac,2026-07-15,8309.20818905412,-409.20818905411943
car_248,2022,114461,1.5,Dizel,Manuelni 6 brzina,9450,Leskovac,2026-07-15,9288.068953103717,161.93104689628308
car_249,2021,118521,1.2,Dizel,Manuelni 6 brzina,8950,Leskovac,2026-07-15,8844.115249918257,105.88475008174282
car_250,2014,180000,1.0,Benzin,Manuelni 5 brzina,3700,Sremska Rača,2026-07-15,5601.74745631142,-1901.7474563114201
car_251,2010,82251,1.4,Benzin,Manuelni 5 brzina,3500,Loznica,2026-07-15,4290.356604326918,-790.3566043269184
car_252,2013,187365,1.6,Dizel,Manuelni 5 brzina,5290,Novi Sad,2026-07-15,5144.32823285393,145.67176714607012
car_253,2019,137333,1.2,Benzin,Manuelni 6 brzina,8550,Pančevo,2026-07-15,7912.6455613237285,637.3544386762715
car_254,2023,115505,1.5,Benzin,Manuelni 6 brzina,9950,Kraljevo,2026-07-15,9711.227492758335,238.77250724166515
car_255,2011,199000,1.4,Dizel,Manuelni 5 brzina,3999,Beograd,2026-07-15,4242.099705830602,-243.09970583060203
car_256,2010,225538,1.4,Dizel,Manuelni 5 brzina,4150,Paraćin,2026-07-15,3706.564167644554,443.4358323554461
car_257,2020,155872,1.5,Dizel,Manuelni 5 brzina,7990,Veternik,2026-07-15,8264.524440717767,-274.524440717767
car_258,2010,225000,1.6,Dizel,Manuelni 5 brzina,4200,Šabac,2026-07-15,3708.7561343333327,491.24386566666726
car_259,2018,72422,1.2,Benzin,,8999,Beograd,2026-07-15,7749.699543067254,1249.3004569327459
car_260,2011,235950,1.6,Dizel,Manuelni 5 brzina,4650,Temerin,2026-07-15,4091.5547817592396,558.4452182407604
car_261,2022,79652,1.2,Benzin,Manuelni 5 brzina,11490,Beograd,2026-07-15,9429.890827582743,2060.1091724172566
car_262,2012,173000,1.6,Dizel,Manuelni 5 brzina,4190,Ugrinovci,2026-07-15,4775.443277327988,-585.4432773279877
car_263,2011,206152,1.6,Dizel,Manuelni 5 brzina,4699,Aranđelovac,2026-07-15,4212.960401447425,486.0395985525747
car_264,2019,140000,1.5,Dizel,Manuelni 5 brzina,8000,Smederevo,2026-07-15,7901.779436492921,98.22056350707862
car_265,2020,82937,1.2,Benzin,Manuelni 5 brzina,8500,Beograd,2026-07-15,8561.682601398275,-61.68260139827544
car_266,2019,157282,1.2,Benzin,Manuelni 5 brzina,6990,Petlovo Brdo,2026-07-15,7831.367599475296,-841.3675994752957
car_267,2018,79371,1.2,Benzin,Manuelni 5 brzina,6990,Topola,2026-07-15,7721.387319051776,-731.3873190517761
car_268,2010,184885,1.4,Dizel,Manuelni 5 brzina,4000,Pančevo,2026-07-15,3872.1961784232576,127.8038215767424
car_269,2021,63297,1.2,Benzin,Manuelni 5 brzina,8590,Beograd,2026-07-15,9069.113704232654,-479.1137042326536
car_270,2018,156000,1.2,Benzin,Manuelni 5 brzina,6650,Kraljevo,2026-07-15,7409.178740251656,-759.1787402516557
car_271,2021,126314,1.5,Dizel,Manuelni 6 brzina,9990,Beograd,2026-07-15,8812.364327231164,1177.6356727688362
car_272,2020,130002,1.2,Benzin,Manuelni 5 brzina,8200,Beograd,2026-07-15,8369.926259005348,-169.92625900534767
car_273,2011,202558,1.6,Dizel,Manuelni 5 brzina,4300,Pocerski Pričinović,2026-07-15,4227.603390814475,72.39660918552545
car_274,2017,168000,1.2,Benzin,Manuelni 5 brzina,6999,Valjevo,2026-07-15,6932.875194112954,66.12480588704602
car_275,2018,118000,1.6,Dizel,Manuelni 5 brzina,8490,Novi Sad,2026-07-15,7564.001666224911,925.9983337750891
car_276,2021,96000,1.5,Dizel,Manuelni 6 brzina,8990,Dobanovci,2026-07-15,8935.872279282565,54.127720717435295
car_277,2017,134514,1.2,Benzin,Manuelni 6 brzina,7200,Kelebija,2026-07-15,7069.306786195597,130.69321380440306
car_278,2022,97032,1.2,Benzin,Manuelni 5 brzina,8290,Zemun,2026-07-15,9359.079710387607,-1069.0797103876066
car_279,2014,121171,1.0,Benzin,Manuelni 5 brzina,3550,Kraljevo,2026-07-15,5841.433717155647,-2291.433717155647
car_280,2013,197045,1.4,Dizel,Manuelni 5 brzina,4590,Valjevo,2026-07-15,5104.889129606006,-514.8891296060056
car_281,2019,130940,1.2,Benzin,Manuelni 5 brzina,6800,Novi Sad,2026-07-15,7938.692481474966,-1138.6924814749664
car_282,2020,114583,1.2,Benzin,Manuelni 5 brzina,7000,Kraljevo,2026-07-15,8432.747698362758,-1432.7476983627585
car_283,2021,111000,1.5,Dizel,Manuelni 6 brzina,9699,Novi Sad,2026-07-15,8874.757966398385,824.2420336016148
car_284,2011,205000,1.6,Dizel,Manuelni 5 brzina,4750,Šabac,2026-07-15,4217.653980676931,532.3460193230694
car_285,2013,243000,1.4,Dizel,Manuelni 5 brzina,4150,Kovin,2026-07-15,4917.6552463665075,-767.6552463665075
car_286,2009,118000,1.1,Benzin,Manuelni 5 brzina,3250,Beograd,2026-07-15,3717.292803742457,-467.2928037424572
car_287,2021,119000,1.5,Dizel,Manuelni 6 brzina,9400,Topola,2026-07-15,8842.16366619349,557.8363338065101
car_288,2020,158767,1.5,Dizel,Manuelni 6 brzina,8990,Topola,2026-07-15,8252.72937833112,737.2706216688803
car_289,2020,131258,1.5,Dizel,Manuelni 5 brzina,9490,Topola,2026-07-15,8364.80895387318,1125.1910461268199
car_290,2003,248653,1.4,Dizel,Manuelni 5 brzina,1550,Lazarevo,2026-07-15,620.5023406702946,929.4976593297054
car_291,2010,135000,1.4,Benzin,Manuelni 5 brzina,4290,Novi Beograd,2026-07-15,4075.4420116384117,214.5579883615883
car_292,2011,234162,1.6,Dizel,Manuelni 5 brzina,4300,Ruma,2026-07-15,4098.839607855034,201.16039214496595
car_293,2017,122000,1.2,Benzin,Manuelni 5 brzina,6900,Bor,2026-07-15,7120.292420291105,-220.29242029110537
car_294,2004,203461,1.6,Benzin,Manuelni 5 brzina,2200,Kragujevac,2026-07-15,1232.0396383591094,967.9603616408906
car_295,2004,250000,1.4,Dizel,Manuelni 5 brzina,1800,Beograd,2026-07-15,1042.4263712046532,757.5736287953468
car_296,2011,99500,1.1,Benzin,Manuelni 5 brzina,4750,Srbobran,2026-07-15,4647.491314628995,102.50868537100541
car_297,2021,116502,1.5,Dizel,Manuelni 6 brzina,8400,Topola,2026-07-15,8852.341236432469,-452.3412364324686
car_298,2011,253696,1.4,Dizel,Manuelni 5 brzina,4500,Pirot,2026-07-15,4019.2524753297294,480.74752467027065
car_299,2020,74940,1.2,Benzin,Manuelni 5 brzina,6690,Beograd,2026-07-15,8594.264678740596,-1904.2646787405956
car_300,2005,245000,1.4,Benzin + Gas (TNG),Manuelni 6 brzina,1700,Novi Sad,2026-07-15,1490.209904664071,209.79009533592898
car_301,2021,74849,1.2,Benzin,Manuelni 5 brzina,8500,Beograd,2026-07-15,9022.047534736783,-522.0475347367828
car_302,2018,57000,1.2,Benzin,Manuelni 5 brzina,9500,Beograd,2026-07-15,7812.533205287242,1687.4667947127582
car_303,2014,218000,1.4,Dizel,Manuelni 5 brzina,5600,Beograd,2026-07-15,5446.924530338165,153.0754696618351
car_304,2003,206971,1.6,Benzin,Manuelni 5 brzina,1500,Pirot,2026-07-15,790.3267933128534,709.6732066871466
car_305,2020,61726,1.2,Benzin,Manuelni 5 brzina,8250,Šabac,2026-07-15,8648.102314104031,-398.1023141040314
car_306,2021,77812,1.2,Benzin,Manuelni 5 brzina,8500,Beograd,2026-07-15,9009.975420798395,-509.97542079839513
car_307,2005,243000,1.1,Benzin,Manuelni 5 brzina,2000,Novi Sad,2026-07-15,1498.3584797152948,501.64152028470517
car_308,2011,218000,1.6,Dizel,Manuelni 5 brzina,4100,Užice,2026-07-15,4164.688242843975,-64.68824284397488
car_309,2014,218121,1.2,Benzin,Manuelni 5 brzina,4650,Srbobran,2026-07-15,5446.431541547566,-796.4315415475658
car_310,2017,150500,1.2,Benzin,Manuelni 5 brzina,7600,Valjevo,2026-07-15,7004.175225811164,595.8247741888363
car_311,2012,186678,1.6,Dizel,Manuelni 5 brzina,4299,Pančevo,2026-07-15,4719.715172552667,-420.71517255266735
car_312,2003,320000,1.1,Benzin + Gas (TNG),Manuelni 5 brzina,1450,Pančevo,2026-07-15,329.8141485804565,1120.1858514195435
car_313,2011,238000,1.4,Benzin,Manuelni 5 brzina,4700,Leskovac,2026-07-15,4083.202492331735,616.7975076682651
car_314,2003,190000,1.4,Dizel,Manuelni 5 brzina,1420,Koceljeva,2026-07-15,859.4715269100144,560.5284730899856
car_315,2017,176000,1.6,Dizel,Manuelni 5 brzina,5890,Novi Sad,2026-07-15,6900.280893908058,-1010.2808939080578
car_316,2012,298500,1.4,Dizel,Manuelni 5 brzina,3000,Barič,2026-07-15,4264.120192863684,-1264.1201928636838
car_317,2017,167000,1.6,Dizel,Manuelni 5 brzina,7700,Apatin,2026-07-15,6936.949481638566,763.0505183614341
car_318,2007,160000,1.1,Benzin,Manuelni 5 brzina,2300,Pančevo,2026-07-15,2691.3485360039217,-391.3485360039217
car_319,2014,273000,1.4,Dizel,Manuelni 5 brzina,3899,Beograd,2026-07-15,5222.838716429505,-1323.8387164295054
car_320,2002,280000,1.4,Dizel,Manuelni 5 brzina,1650,Radenković,2026-07-15,65.37355377346148,1584.6264462265385
car_321,2007,192509,1.4,Benzin,Manuelni 5 brzina,2500,Valjevo,2026-07-15,2558.8975228338018,-58.89752283380176
car_322,2005,201000,1.4,Dizel,Manuelni 5 brzina,2350,Paraćin,2026-07-15,1669.4785557909981,680.5214442090019
car_323,2007,342000,1.4,Dizel,Manuelni 5 brzina,1500,Radičević,2026-07-15,1949.8282063425409,-449.82820634254085
car_324,2004,136620,1.4,Benzin,Manuelni 5 brzina,2490,Mali Beograd,2026-07-15,1504.36909085854,985.63090914146
car_325,2014,229000,1.4,Dizel,Manuelni 5 brzina,3950,Novi Sad,2026-07-15,5402.107367556433,-1452.107367556433
car_326,2009,191287,1.6,Dizel,Manuelni 5 brzina,2900,Kragujevac,2026-07-15,3418.7004938529317,-518.7004938529317
car_327,2016,98000,1.6,Dizel,Manuelni 5 brzina,2700,Valjevo,2026-07-15,6790.663225074435,-4090.663225074435
car_328,2020,140000,1.2,Benzin,Manuelni 5 brzina,7500,Smederevo,2026-07-15,8329.19153232428,-829.1915323242793
car_329,2006,27300,1.4,Dizel,Manuelni 5 brzina,2100,Kragujevac,2026-07-15,2804.5943948212744,-704.5943948212744
car_330,2019,185000,1.5,Dizel,Manuelni 5 brzina,9200,Bela Crkva,2026-07-15,7718.436497840383,1481.5635021596172
car_331,2008,230000,1.4,Benzin,Manuelni 5 brzina,1800,Plandište,2026-07-15,2833.560505042441,-1033.560505042441
car_332,2010,179000,1.4,Benzin + Gas (TNG),Manuelni 5 brzina,4199,Niš,2026-07-15,3896.173360511484,302.82663948851587
car_333,2010,205800,1.4,Benzin,Manuelni 5 brzina,3450,Kruševac,2026-07-15,3786.982454825083,-336.9824548250831
car_334,2003,204000,1.1,Benzin,Manuelni 5 brzina,1550,Subotica,2026-07-15,802.4315015514466,747.5684984485534
car_335,2007,340000,1.4,Dizel,Manuelni 5 brzina,2100,Šabac,2026-07-15,1957.9767813937647,142.02321860623533
car_336,2003,395000,1.4,Dizel,Manuelni 5 brzina,1400,Mladenovac,2026-07-15,24.242584159557737,1375.7574158404423
