car_id,year,mileage_km,engine_l,fuel,transmission,price_eur,city,scraped_date
car_001,2005,174332,1.1,Benzin,Manuelni 5 brzina,1500,Šabac,2026-07-15
car_002,2020,120252,1.5,Dizel,Manuelni 5 brzina,9650,Kraljevo,2026-07-15
car_003,2013,173130,1.4,Dizel,Manuelni 5 brzina,4450,Čačak,2026-07-15
car_004,2021,108792,1.5,Dizel,Manuelni 6 brzina,11490,Beograd,2026-07-15
car_005,2019,99300,1.2,Benzin,Manuelni 5 brzina,9699,Beograd,2026-07-15
car_006,2017,111074,1.2,Benzin,Manuelni 5 brzina,7790,Beograd,2026-07-15
car_007,2019,62539,1.2,Benzin,,9890,Beograd,2026-07-15
car_008,2014,185000,1.6,Dizel,Manuelni 5 brzina,5300,Ražanj,2026-07-15
car_009,2021,77530,1.2,Benzin,Manuelni 5 brzina,9990,Majur,2026-07-15
car_010,2011,190000,1.6,Dizel,Manuelni 5 brzina,4890,Kać,2026-07-15
car_011,2019,44797,1.2,Benzin,Manuelni 5 brzina,8000,Kolari,2026-07-15
car_012,2019,86000,1.2,Benzin,Manuelni 6 brzina,8500,Beograd,2026-07-15
car_013,2018,148000,1.2,Benzin,,8750,Borča,2026-07-15
car_014,2020,154000,1.5,Dizel,Manuelni 5 brzina,6800,Beograd,2026-07-15
car_015,2021,169313,1.5,Dizel,Manuelni 6 brzina,8890,Zemun,2026-07-15
car_016,2020,165501,1.5,Dizel,Manuelni 5 brzina,8290,Beograd,2026-07-15
car_017,2020,36863,1.2,Benzin,Manuelni 5 brzina,9290,Majur,2026-07-15
car_018,2022,72000,1.2,Benzin,Manuelni 5 brzina,9499,Veternik,2026-07-15
car_019,2009,171200,1.1,Benzin + Gas (TNG),Manuelni 5 brzina,3450,Kraljevo,2026-07-15
car_020,2008,184900,1.4,Dizel,Manuelni 5 brzina,3499,Kragujevac,2026-07-15
car_021,2018,150390,1.2,Benzin,Manuelni 5 brzina,7190,Petrovaradin,2026-07-15
car_022,2019,160214,1.5,Dizel,Manuelni 5 brzina,7950,Kragujevac,2026-07-15
car_023,2020,155498,1.2,Benzin,Manuelni 5 brzina,6990,Čačak,2026-07-15
car_024,2019,162423,1.2,Benzin,Manuelni 5 brzina,7499,Pančevo,2026-07-15
car_025,2021,44306,1.2,Benzin,Manuelni 6 brzina,11390,Zemun,2026-07-15
car_026,2017,158000,1.2,Benzin,Manuelni 5 brzina,7500,Novi Sad,2026-07-15
car_027,2010,177125,1.4,Benzin,Manuelni 5 brzina,4650,Aleksinac,2026-07-15
car_028,2018,172646,1.5,Dizel,Manuelni 6 brzina,9398,Beograd,2026-07-15
car_029,2019,115000,1.5,Dizel,Manuelni 6 brzina,8290,Novi Sad,2026-07-15
car_030,2018,153000,1.6,Dizel,Manuelni 5 brzina,6650,Šabac,2026-07-15
car_031,2020,136579,1.5,Dizel,Manuelni 5 brzina,8490,Beograd,2026-07-15
car_032,2015,123603,1.0,Benzin,Manuelni 5 brzina,5700,Novi Sad,2026-07-15
car_033,2020,143689,1.5,Dizel,Manuelni 5 brzina,8550,Jagodina,2026-07-15
car_034,2012,225000,1.4,Dizel,Manuelni 5 brzina,5199,Starčevo,2026-07-15
car_035,2021,142000,1.5,Dizel,Manuelni 6 brzina,9250,Kraljevo,2026-07-15
car_036,2017,105000,1.2,Benzin,Manuelni 5 brzina,6999,Umka,2026-07-15
car_037,2021,130325,1.2,Benzin,Manuelni 5 brzina,7990,Aranđelovac,2026-07-15
car_038,2017,155000,1.6,Dizel,Manuelni 5 brzina,7990,Novi Sad,2026-07-15
car_039,2020,143000,1.2,Benzin,Manuelni 5 brzina,8700,Resnik,2026-07-15
car_040,2018,97015,1.2,Benzin,Manuelni 5 brzina,7450,Jagodina,2026-07-15
car_041,2020,121209,1.2,Benzin,,9690,Beograd,2026-07-15
car_042,2021,172000,1.5,Dizel,Manuelni 6 brzina,8550,Kragujevac,2026-07-15
car_043,2016,116000,1.0,Benzin,Manuelni 5 brzina,4850,Beograd,2026-07-15
car_044,2013,179310,1.4,Dizel,Manuelni 5 brzina,4999,Kragujevac,2026-07-15
car_045,2018,70454,1.2,Benzin,,8950,Kraljevo,2026-07-15
car_046,2021,132017,1.5,Dizel,Manuelni 6 brzina,9690,Beograd,2026-07-15
car_047,2014,163071,1.4,Dizel,Manuelni 5 brzina,4650,Vranje,2026-07-15
car_048,2010,184000,1.6,Benzin,Manuelni 5 brzina,4199,Niš,2026-07-15
car_049,2019,106396,1.2,Benzin,,9450,Šabac,2026-07-15
car_050,2018,91800,1.5,Dizel,Manuelni 6 brzina,8300,Kragujevac,2026-07-15
car_051,2015,147653,1.2,Benzin,Manuelni 5 brzina,4650,Kraljevo,2026-07-15
car_052,2010,168000,1.6,Benzin,Manuelni 5 brzina,4300,Pirot,2026-07-15
car_053,2015,144930,1.2,Benzin,Manuelni 5 brzina,5600,Beograd,2026-07-15
car_054,2019,129671,1.2,Benzin,Manuelni 5 brzina,8950,Šabac,2026-07-15
car_055,2019,160000,1.5,Dizel,Manuelni 5 brzina,7450,Kragujevac,2026-07-15
car_056,2019,163000,1.5,Dizel,Manuelni 6 brzina,8300,Topola,2026-07-15
car_057,2017,98500,1.2,Benzin,Manuelni 5 brzina,6250,Čukarica,2026-07-15
car_058,2018,149000,1.6,Dizel,Manuelni 5 brzina,8700,Beograd,2026-07-15
car_059,2013,136000,1.0,Benzin,Manuelni 5 brzina,4699,Šabac,2026-07-15
car_060,2008,201000,1.4,Dizel,Manuelni 5 brzina,3200,Beograd,2026-07-15
car_061,2010,192000,1.4,Benzin,Manuelni 5 brzina,2800,Novi Sad,2026-07-15
car_062,2013,170000,1.2,Benzin,Manuelni 5 brzina,4250,Novi Sad,2026-07-15
car_063,2020,87510,1.2,Benzin,Manuelni 5 brzina,9300,Jagodina,2026-07-15
car_064,2019,165611,1.2,Benzin,Manuelni 5 brzina,6950,Kragujevac,2026-07-15
car_065,2012,210000,1.6,Dizel,Manuelni 5 brzina,5450,Loznica,2026-07-15
car_066,2021,56700,1.2,Benzin,Manuelni 5 brzina,7999,Kragujevac,2026-07-15
car_067,2009,68000,1.4,Benzin,Manuelni 5 brzina,3390,Beograd,2026-07-15
car_068,2018,125000,1.2,Benzin,Manuelni 5 brzina,7800,Beograd,2026-07-15
car_069,2014,124325,1.2,Benzin,Manuelni 5 brzina,5650,Paraćin,2026-07-15
car_070,2020,147453,1.5,Dizel,Manuelni 5 brzina,8650,Aranđelovac,2026-07-15
car_071,2021,113221,1.2,Benzin,Manuelni 5 brzina,7800,Beograd,2026-07-15
car_072,2019,70782,1.2,Benzin,Manuelni 5 brzina,9690,Beograd,2026-07-15
car_073,2021,139000,1.5,Dizel,Manuelni 6 brzina,9150,Kragujevac,2026-07-15
car_074,2021,169000,1.5,Dizel,Manuelni 6 brzina,8650,Kragujevac,2026-07-15
car_075,2016,105795,1.2,Benzin,Manuelni 5 brzina,6590,Ada,2026-07-15
car_076,2019,110000,1.2,Benzin,,8150,Novi Beograd,2026-07-15
car_077,2018,74334,1.2,Benzin,,9550,Šabac,2026-07-15
car_078,2021,164000,1.5,Dizel,Manuelni 6 brzina,8950,Kragujevac,2026-07-15
car_079,2012,166000,1.2,Benzin,Manuelni 5 brzina,4199,Niš,2026-07-15
car_080,2017,170000,1.6,Dizel,Manuelni 5 brzina,6800,Beograd,2026-07-15
car_081,2018,34117,1.2,Benzin,Manuelni 5 brzina,8900,Beograd,2026-07-15
car_082,2019,109355,1.2,Benzin,Manuelni 5 brzina,6450,Kraljevo,2026-07-15
car_083,2019,152704,1.5,Dizel,Manuelni 6 brzina,7990,Niš,2026-07-15
car_084,2010,171000,1.6,Dizel,Manuelni 5 brzina,4250,Paraćin,2026-07-15
car_085,2019,61000,1.2,Benzin,Manuelni 5 brzina,6790,Novi Sad,2026-07-15
car_086,2015,155062,1.2,Benzin,Manuelni 5 brzina,5600,Novi Beograd,2026-07-15
car_087,2011,184000,1.4,Dizel,Manuelni 5 brzina,4250,Beograd,2026-07-15
car_088,2020,163493,1.5,Dizel,Manuelni 5 brzina,8290,Čačak,2026-07-15
car_089,2012,211000,1.1,Benzin,Manuelni 5 brzina,3200,Beograd,2026-07-15
car_090,2019,206852,1.6,Dizel,Manuelni 5 brzina,7499,Bela Crkva,2026-07-15
car_091,2019,95700,1.5,Dizel,Manuelni 5 brzina,7900,Voždovac,2026-07-15
car_092,2020,102960,1.5,Dizel,Manuelni 5 brzina,8750,Jagodina,2026-07-15
car_093,2021,97080,1.2,Benzin,Manuelni 5 brzina,8290,Čačak,2026-07-15
car_094,2010,137259,1.4,Benzin,Manuelni 5 brzina,4350,Kanjiža,2026-07-15
car_095,2014,235000,1.4,Dizel,Manuelni 5 brzina,4650,Novi Beograd,2026-07-15
car_096,2020,98000,1.2,Benzin,,10299,Veternik,2026-07-15
car_097,2022,115188,1.2,Benzin,Manuelni 6 brzina,9990,Zemun,2026-07-15
car_098,2005,226000,1.4,Dizel,Manuelni 5 brzina,2500,Beograd,2026-07-15
car_099,2019,100000,1.2,Benzin,Manuelni 5 brzina,6290,Novi Sad,2026-07-15
car_100,2011,206000,1.6,Dizel,Manuelni 5 brzina,4799,Šabac,2026-07-15
car_101,2018,165543,1.6,Dizel,Manuelni 5 brzina,7850,Veternik,2026-07-15
car_102,2018,175000,1.2,Benzin,Manuelni 6 brzina,6900,Kruševac,2026-07-15
car_103,2011,187000,1.6,Dizel,Manuelni 5 brzina,4390,Šabac,2026-07-15
car_104,2019,94684,1.2,Benzin,Manuelni 6 brzina,6650,Kraljevo,2026-07-15
car_105,2020,180000,1.5,Dizel,Manuelni 5 brzina,8250,Kragujevac,2026-07-15
car_106,2007,180882,1.4,Dizel,Manuelni 5 brzina,2750,Kragujevac,2026-07-15
car_107,2014,176500,1.0,Benzin + Gas (TNG),Manuelni 5 brzina,4750,Niš,2026-07-15
car_108,2019,55080,1.2,Benzin,Manuelni 5 brzina,7450,Kraljevo,2026-07-15
car_109,2020,95020,1.2,Benzin,Manuelni 5 brzina,8590,Beograd,2026-07-15
car_110,2016,138000,1.0,Benzin,Manuelni 5 brzina,5499,Beograd,2026-07-15
car_111,2017,105380,1.2,Benzin,Manuelni 5 brzina,6999,Beograd,2026-07-15
car_112,2018,110552,1.2,Benzin,Manuelni 5 brzina,6999,Niš,2026-07-15
car_113,2021,84000,1.2,Benzin,Manuelni 5 brzina,7499,Novi Sad,2026-07-15
car_114,2021,107719,1.2,Benzin,Manuelni 5 brzina,7999,Beograd,2026-07-15
car_115,2021,59260,1.2,Benzin,Manuelni 5 brzina,8990,Čačak,2026-07-15
car_116,2012,193000,1.1,Benzin,Manuelni 5 brzina,3999,Kragujevac,2026-07-15
car_117,2016,235294,1.6,Dizel,Manuelni 5 brzina,5950,Šabac,2026-07-15
car_118,2011,220000,1.4,Benzin,Manuelni 5 brzina,4500,Aleksinac,2026-07-15
car_119,2003,354202,1.4,Dizel,Manuelni 5 brzina,1350,Leskovac,2026-07-15
car_120,2020,140345,1.5,Dizel,Manuelni 5 brzina,7990,Aranđelovac,2026-07-15
car_121,2021,102836,1.2,Benzin,Manuelni 5 brzina,8550,Jagodina,2026-07-15
car_122,2011,182905,1.4,Dizel,Manuelni 5 brzina,4100,Šabac,2026-07-15
car_123,2008,248326,1.4,Benzin + Metan (CNG),Manuelni 5 brzina,2199,Obrenovac,2026-07-15
car_124,2019,161000,1.6,Dizel,Manuelni 5 brzina,7990,Borča,2026-07-15
car_125,2020,111591,1.2,Benzin,Manuelni 6 brzina,9690,Beograd,2026-07-15
car_126,2021,106538,1.2,Benzin,Manuelni 5 brzina,8790,Beograd,2026-07-15
car_127,2020,73012,1.2,Benzin,Manuelni 5 brzina,8590,Beograd,2026-07-15
car_128,2018,85704,1.2,Benzin,,8800,Beograd,2026-07-15
car_129,2014,160000,1.0,Benzin,Manuelni 5 brzina,3700,Novi Beograd,2026-07-15
car_130,2016,182000,1.6,Dizel,Manuelni 5 brzina,5700,Beograd,2026-07-15
car_131,2021,163730,1.5,Dizel,Manuelni 6 brzina,7900,Kragujevac,2026-07-15
car_132,2014,192931,1.4,Dizel,Manuelni 5 brzina,4550,Kragujevac,2026-07-15
car_133,2022,129979,1.2,Benzin,Manuelni 5 brzina,8400,Beograd,2026-07-15
car_134,2015,174000,1.0,Benzin,Manuelni 5 brzina,5350,Beograd,2026-07-15
car_135,2016,185000,1.6,Dizel,Manuelni 5 brzina,4900,Beograd,2026-07-15
car_136,2020,68000,1.2,Benzin,Manuelni 5 brzina,9500,Novi Beograd,2026-07-15
car_137,2010,194000,1.4,Benzin,Manuelni 5 brzina,3890,Ugrinovci,2026-07-15
car_138,2021,25690,1.2,Benzin,Manuelni 5 brzina,9999,Beograd,2026-07-15
car_139,2019,107616,1.5,Dizel,Manuelni 5 brzina,8950,Jagodina,2026-07-15
car_140,2003,250000,1.4,Dizel,Manuelni 5 brzina,1480,Vranje,2026-07-15
car_141,2021,136000,1.2,Benzin,Manuelni 5 brzina,8150,Subotica,2026-07-15
car_142,2022,70000,1.2,Benzin,Manuelni 5 brzina,9150,Beograd,2026-07-15
car_143,2009,192839,1.4,Benzin,Manuelni 5 brzina,2950,Beograd,2026-07-15
car_144,2010,198287,1.4,Benzin + Gas (TNG),Manuelni 5 brzina,4200,Niš,2026-07-15
car_145,2005,321000,1.4,Dizel,Manuelni 5 brzina,1700,Kruševac,2026-07-15
car_146,2011,215850,1.6,Dizel,Manuelni 5 brzina,4250,Šabac,2026-07-15
car_147,2017,109605,1.2,Benzin,Manuelni 5 brzina,8450,Valjevo,2026-07-15
car_148,2019,116000,1.2,Benzin,Manuelni 5 brzina,5990,Novi Beograd,2026-07-15
car_149,2022,45776,1.2,Benzin,Manuelni 6 brzina,11899,Beograd,2026-07-15
car_150,2017,135000,1.2,Benzin,Manuelni 5 brzina,8500,Žarkovo,2026-07-15
car_151,2015,161000,1.0,Benzin,Manuelni 5 brzina,3790,Ruma,2026-07-15
car_152,2016,157000,1.2,Benzin,Manuelni 5 brzina,4990,Ruma,2026-07-15
car_153,2009,165906,1.1,Benzin,Manuelni 5 brzina,2900,Aleksandrovac,2026-07-15
car_154,2013,190222,1.6,Dizel,Manuelni 5 brzina,5500,Kula,2026-07-15
car_155,2014,130000,1.2,Benzin,Manuelni 5 brzina,4899,Niš,2026-07-15
car_156,2010,178334,1.1,Benzin,Manuelni 5 brzina,3199,Smederevska Palanka,2026-07-15
car_157,2022,131993,1.2,Benzin,,11290,Beograd,2026-07-15
car_158,2019,37500,1.2,Benzin,Manuelni 5 brzina,9000,Bežanijska Kosa,2026-07-15
car_159,2007,165000,1.6,Dizel,Manuelni 5 brzina,2500,Kragujevac,2026-07-15
car_160,2021,66756,1.2,Benzin,Manuelni 5 brzina,7650,Kraljevo,2026-07-15
car_161,2021,128886,1.2,Benzin,Manuelni 5 brzina,8550,Jagodina,2026-07-15
car_162,2021,128110,1.5,Dizel,Manuelni 5 brzina,10250,Jagodina,2026-07-15
car_163,2021,129000,1.2,Benzin,,9999,Požega,2026-07-15
car_164,2019,107455,1.5,Dizel,Manuelni 5 brzina,8950,Jagodina,2026-07-15
car_165,2016,100000,1.2,Benzin,Manuelni 5 brzina,5650,Zvezdara,2026-07-15
car_166,2020,29733,1.2,Benzin,Manuelni 5 brzina,8650,Kragujevac,2026-07-15
car_167,2016,131000,1.2,Benzin,Manuelni 5 brzina,6500,Požarevac,2026-07-15
car_168,2015,158200,1.2,Benzin,Manuelni 5 brzina,5490,Stara Pazova,2026-07-15
car_169,2014,107000,1.2,Benzin,Manuelni 5 brzina,4990,Petrovaradin,2026-07-15
car_170,2020,192132,1.5,Dizel,Manuelni 6 brzina,7900,Beograd,2026-07-15
car_171,2005,260000,1.4,Dizel,Manuelni 5 brzina,2300,Kikinda,2026-07-15
car_172,2017,125158,1.2,Benzin,Manuelni 5 brzina,7450,Nova Varoš,2026-07-15
car_173,2022,110026,1.5,Dizel,Manuelni 6 brzina,10250,Jagodina,2026-07-15
car_174,2015,182000,1.2,Benzin,Manuelni 5 brzina,4599,Niš,2026-07-15
car_175,2012,193000,1.4,Dizel,Manuelni 5 brzina,4900,Rakovica,2026-07-15
car_176,2025,13824,1.2,Benzin,Manuelni 6 brzina,11999,Novi Beograd,2026-07-15
car_177,2011,195000,1.6,Dizel,Manuelni 5 brzina,4350,Loznica,2026-07-15
car_178,2021,25000,1.2,Benzin,Manuelni 5 brzina,6800,Loznica,2026-07-15
car_179,2019,105443,1.2,Benzin,Manuelni 5 brzina,6900,Čukarica,2026-07-15
car_180,2022,57676,1.2,Benzin,Manuelni 5 brzina,10990,Beograd,2026-07-15
car_181,2022,24000,1.2,Benzin,Manuelni 5 brzina,9700,Bežanijska Kosa,2026-07-15
car_182,2015,163087,1.4,Dizel,Manuelni 5 brzina,5499,Beograd,2026-07-15
car_183,2016,143000,1.2,Benzin,Manuelni 5 brzina,5599,Kraljevo,2026-07-15
car_184,2021,34000,1.2,Benzin,Manuelni 6 brzina,9999,Loznica,2026-07-15
car_185,2010,192000,1.4,Dizel,Manuelni 5 brzina,3990,Aranđelovac,2026-07-15
car_186,2019,78000,1.2,Benzin,Manuelni 5 brzina,8000,Beograd,2026-07-15
car_187,2017,49471,1.2,Benzin,Manuelni 6 brzina,7500,Kraljevo,2026-07-15
car_188,2012,140000,1.4,Benzin,Manuelni 5 brzina,4498,Novi Sad,2026-07-15
car_189,2018,132000,1.2,Benzin,Manuelni 5 brzina,7650,Novi Sad,2026-07-15
car_190,2022,101000,1.2,Benzin,Manuelni 5 brzina,7950,Beograd,2026-07-15
car_191,2016,172701,1.6,Dizel,Manuelni 5 brzina,6800,Čačak,2026-07-15
car_192,2020,102000,1.2,Benzin,Manuelni 5 brzina,8599,Novi Sad,2026-07-15
car_193,2017,45410,1.2,Benzin,Manuelni 5 brzina,6999,Beograd,2026-07-15
car_194,2018,200000,1.6,Dizel,Manuelni 5 brzina,7500,Užice,2026-07-15
car_195,2012,267500,1.4,Dizel,Manuelni 5 brzina,3899,Bečej,2026-07-15
car_196,2019,123028,1.5,Dizel,Manuelni 5 brzina,8000,Kragujevac,2026-07-15
car_197,2010,257000,1.4,Dizel,Manuelni 5 brzina,3999,Šabac,2026-07-15
car_198,2023,90704,1.2,Benzin,Manuelni 5 brzina,9800,Kragujevac,2026-07-15
car_199,2005,215342,1.4,Benzin,Manuelni 5 brzina,999,Loznica,2026-07-15
car_200,2017,147112,1.2,Benzin,Manuelni 5 brzina,7490,Bežanijska Kosa,2026-07-15
car_201,2021,108817,1.5,Dizel,Manuelni 6 brzina,10250,Jagodina,2026-07-15
car_202,2022,116597,1.5,Dizel,Manuelni 6 brzina,9750,Jagodina,2026-07-15
car_203,2019,165002,1.5,Dizel,Manuelni 5 brzina,7800,Kragujevac,2026-07-15
car_204,2014,184240,1.6,Dizel,Manuelni 5 brzina,4700,Ruma,2026-07-15
car_205,2019,94761,1.2,Benzin,Manuelni 5 brzina,6900,Beograd,2026-07-15
car_206,2019,94644,1.2,Benzin,,9300,Beograd,2026-07-15
car_207,2010,221000,1.4,Benzin + Gas (TNG),Manuelni 5 brzina,4690,Beograd,2026-07-15
car_208,2012,214070,1.1,Benzin,Manuelni 5 brzina,4200,Čačak,2026-07-15
car_209,2017,190055,1.2,Benzin,Manuelni 5 brzina,6790,Beograd,2026-07-15
car_210,2018,157273,1.6,Dizel,Manuelni 5 brzina,7749,Nova Varoš,2026-07-15
car_211,2011,183400,1.6,Dizel,Manuelni 5 brzina,4290,Šabac,2026-07-15
car_212,2008,193214,1.4,Benzin + Gas (TNG),Manuelni 5 brzina,2100,Prigrevica,2026-07-15
car_213,2019,136389,1.2,Benzin,Manuelni 5 brzina,8700,Kraljevo,2026-07-15
car_214,2017,244000,1.6,Dizel,Manuelni 5 brzina,7750,Niš,2026-07-15
car_215,2012,180000,1.4,Dizel,,4699,Vrčin,2026-07-15
car_216,2019,204000,1.5,Dizel,Manuelni 5 brzina,8290,Prokuplje,2026-07-15
car_217,2020,103346,1.2,Benzin,Manuelni 6 brzina,10550,Beograd,2026-07-15
car_218,2010,200102,1.4,Benzin,Manuelni 5 brzina,3999,Novi Sad,2026-07-15
car_219,2012,110000,1.1,Benzin,Manuelni 5 brzina,4750,Čačak,2026-07-15
car_220,2018,256000,1.6,Dizel,Manuelni 5 brzina,6499,Ražanj,2026-07-15
car_221,2018,137850,1.5,Dizel,Manuelni 6 brzina,6700,Beograd,2026-07-15
car_222,2015,83950,1.2,Benzin,Manuelni 5 brzina,5450,Valjevo,2026-07-15
car_223,2021,120733,1.5,Dizel,Manuelni 6 brzina,9590,Beograd,2026-07-15
car_224,2017,335000,1.2,Benzin + Gas (TNG),Manuelni 5 brzina,5299,Leštane,2026-07-15
car_225,2011,180000,1.6,Dizel,Manuelni 5 brzina,4300,Futog,2026-07-15
car_226,2011,190350,1.6,Dizel,Manuelni 5 brzina,4950,Veternik,2026-07-15
car_227,2020,143285,1.2,Benzin,Manuelni 5 brzina,7650,Kragujevac,2026-07-15
car_228,2011,151920,1.4,Dizel,Manuelni 5 brzina,3700,Beograd,2026-07-15
car_229,2018,151769,1.6,Dizel,Manuelni 5 brzina,7490,Veternik,2026-07-15
car_230,2012,218000,1.4,Dizel,,4999,Šabac,2026-07-15
car_231,2019,116081,1.2,Benzin,,9490,Beograd,2026-07-15
car_232,2009,145323,1.4,Benzin,Manuelni 5 brzina,2690,Novi Sad,2026-07-15
car_233,2003,227000,1.4,Benzin,Manuelni 5 brzina,1750,Subotica,2026-07-15
car_234,2016,188020,1.6,Dizel,Manuelni 5 brzina,5950,Čačak,2026-07-15
car_235,2020,84323,1.2,Benzin,Manuelni 5 brzina,7699,Zemun,2026-07-15
car_236,2018,132940,1.2,Benzin,Manuelni 5 brzina,7399,Veternik,2026-07-15
car_237,2018,66165,1.2,Benzin,Manuelni 5 brzina,7450,Kosjerić,2026-07-15
car_238,2019,148000,1.2,Benzin,Manuelni 5 brzina,7250,Kosjerić,2026-07-15
car_239,2019,155600,1.5,Dizel,Manuelni 6 brzina,7499,Zemun,2026-07-15
car_240,2021,120595,1.2,Benzin,Manuelni 5 brzina,8200,Jagodina,2026-07-15
car_241,2021,127564,1.5,Dizel,Manuelni 6 brzina,9950,Jagodina,2026-07-15
car_242,2012,175000,1.4,Dizel,Manuelni 5 brzina,4650,Subotica,2026-07-15
car_243,2004,121974,1.4,Dizel,Manuelni 5 brzina,2600,Beograd,2026-07-15
car_244,2007,194856,1.4,Dizel,Manuelni 5 brzina,1850,Novi Sad,2026-07-15
car_245,2021,159000,1.5,Dizel,Manuelni 6 brzina,8500,Beograd,2026-07-15
car_246,2021,108637,1.2,Benzin,,10250,Leskovac,2026-07-15
car_247,2019,40000,1.2,Benzin,Manuelni 5 brzina,7900,Šabac,2026-07-15
car_248,2022,114461,1.5,Dizel,Manuelni 6 brzina,9450,Leskovac,2026-07-15
car_249,2021,118521,1.2,Dizel,Manuelni 6 brzina,8950,Leskovac,2026-07-15
car_250,2014,180000,1.0,Benzin,Manuelni 5 brzina,3700,Sremska Rača,2026-07-15
car_251,2010,82251,1.4,Benzin,Manuelni 5 brzina,3500,Loznica,2026-07-15
car_252,2013,187365,1.6,Dizel,Manuelni 5 brzina,5290,Novi Sad,2026-07-15
car_253,2019,137333,1.2,Benzin,Manuelni 6 brzina,8550,Pančevo,2026-07-15
car_254,2023,115505,1.5,Benzin,Manuelni 6 brzina,9950,Kraljevo,2026-07-15
car_255,2011,199000,1.4,Dizel,Manuelni 5 brzina,3999,Beograd,2026-07-15
car_256,2010,225538,1.4,Dizel,Manuelni 5 brzina,4150,Paraćin,2026-07-15
car_257,2020,155872,1.5,Dizel,Manuelni 5 brzina,7990,Veternik,2026-07-15
car_258,2010,225000,1.6,Dizel,Manuelni 5 brzina,4200,Šabac,2026-07-15
car_259,2018,72422,1.2,Benzin,,8999,Beograd,2026-07-15
car_260,2011,235950,1.6,Dizel,Manuelni 5 brzina,4650,Temerin,2026-07-15
car_261,2022,79652,1.2,Benzin,Manuelni 5 brzina,11490,Beograd,2026-07-15
car_262,2012,173000,1.6,Dizel,Manuelni 5 brzina,4190,Ugrinovci,2026-07-15
car_263,2011,206152,1.6,Dizel,Manuelni 5 brzina,4699,Aranđelovac,2026-07-15
car_264,2019,140000,1.5,Dizel,Manuelni 5 brzina,8000,Smederevo,2026-07-15
car_265,2020,82937,1.2,Benzin,Manuelni 5 brzina,8500,Beograd,2026-07-15
car_266,2019,157282,1.2,Benzin,Manuelni 5 brzina,6990,Petlovo Brdo,2026-07-15
car_267,2018,79371,1.2,Benzin,Manuelni 5 brzina,6990,Topola,2026-07-15
car_268,2010,184885,1.4,Dizel,Manuelni 5 brzina,4000,Pančevo,2026-07-15
car_269,2021,63297,1.2,Benzin,Manuelni 5 brzina,8590,Beograd,2026-07-15
car_270,2018,156000,1.2,Benzin,Manuelni 5 brzina,6650,Kraljevo,2026-07-15
car_271,2021,126314,1.5,Dizel,Manuelni 6 brzina,9990,Beograd,2026-07-15
car_272,2020,130002,1.2,Benzin,Manuelni 5 brzina,8200,Beograd,2026-07-15
car_273,2011,202558,1.6,Dizel,Manuelni 5 brzina,4300,Pocerski Pričinović,2026-07-15
car_274,2017,168000,1.2,Benzin,Manuelni 5 brzina,6999,Valjevo,2026-07-15
car_275,2018,118000,1.6,Dizel,Manuelni 5 brzina,8490,Novi Sad,2026-07-15
car_276,2021,96000,1.5,Dizel,Manuelni 6 brzina,8990,Dobanovci,2026-07-15
car_277,2017,134514,1.2,Benzin,Manuelni 6 brzina,7200,Kelebija,2026-07-15
car_278,2022,97032,1.2,Benzin,Manuelni 5 brzina,8290,Zemun,2026-07-15
car_279,2014,121171,1.0,Benzin,Manuelni 5 brzina,3550,Kraljevo,2026-07-15
car_280,2013,197045,1.4,Dizel,Manuelni 5 brzina,4590,Valjevo,2026-07-15
car_281,2019,130940,1.2,Benzin,Manuelni 5 brzina,6800,Novi Sad,2026-07-15
car_282,2020,114583,1.2,Benzin,Manuelni 5 brzina,7000,Kraljevo,2026-07-15
car_283,2021,111000,1.5,Dizel,Manuelni 6 brzina,9699,Novi Sad,2026-07-15
car_284,2011,205000,1.6,Dizel,Manuelni 5 brzina,4750,Šabac,2026-07-15
car_285,2013,243000,1.4,Dizel,Manuelni 5 brzina,4150,Kovin,2026-07-15
car_286,2009,118000,1.1,Benzin,Manuelni 5 brzina,3250,Beograd,2026-07-15
car_287,2021,119000,1.5,Dizel,Manuelni 6 brzina,9400,Topola,2026-07-15
car_288,2020,158767,1.5,Dizel,Manuelni 6 brzina,8990,Topola,2026-07-15
car_289,2020,131258,1.5,Dizel,Manuelni 5 brzina,9490,Topola,2026-07-15
car_290,2003,248653,1.4,Dizel,Manuelni 5 brzina,1550,Lazarevo,2026-07-15
car_291,2010,135000,1.4,Benzin,Manuelni 5 brzina,4290,Novi Beograd,2026-07-15
car_292,2011,234162,1.6,Dizel,Manuelni 5 brzina,4300,Ruma,2026-07-15
car_293,2017,122000,1.2,Benzin,Manuelni 5 brzina,6900,Bor,2026-07-15
car_294,2004,203461,1.6,Benzin,Manuelni 5 brzina,2200,Kragujevac,2026-07-15
car_295,2004,250000,1.4,Dizel,Manuelni 5 brzina,1800,Beograd,2026-07-15
car_296,2011,99500,1.1,Benzin,Manuelni 5 brzina,4750,Srbobran,2026-07-15
car_297,2021,116502,1.5,Dizel,Manuelni 6 brzina,8400,Topola,2026-07-15
car_298,2011,253696,1.4,Dizel,Manuelni 5 brzina,4500,Pirot,2026-07-15
car_299,2020,74940,1.2,Benzin,Manuelni 5 brzina,6690,Beograd,2026-07-15
car_300,2005,245000,1.4,Benzin + Gas (TNG),Manuelni 6 brzina,1700,Novi Sad,2026-07-15
car_301,2021,74849,1.2,Benzin,Manuelni 5 brzina,8500,Beograd,2026-07-15
car_302,2018,57000,1.2,Benzin,Manuelni 5 brzina,9500,Beograd,2026-07-15
car_303,2014,218000,1.4,Dizel,Manuelni 5 brzina,5600,Beograd,2026-07-15
car_304,2003,206971,1.6,Benzin,Manuelni 5 brzina,1500,Pirot,2026-07-15
car_305,2020,61726,1.2,Benzin,Manuelni 5 brzina,8250,Šabac,2026-07-15
car_306,2021,77812,1.2,Benzin,Manuelni 5 brzina,8500,Beograd,2026-07-15
car_307,2005,243000,1.1,Benzin,Manuelni 5 brzina,2000,Novi Sad,2026-07-15
car_308,2011,218000,1.6,Dizel,Manuelni 5 brzina,4100,Užice,2026-07-15
car_309,2014,218121,1.2,Benzin,Manuelni 5 brzina,4650,Srbobran,2026-07-15
car_310,2017,150500,1.2,Benzin,Manuelni 5 brzina,7600,Valjevo,2026-07-15
car_311,2012,186678,1.6,Dizel,Manuelni 5 brzina,4299,Pančevo,2026-07-15
car_312,2003,320000,1.1,Benzin + Gas (TNG),Manuelni 5 brzina,1450,Pančevo,2026-07-15
car_313,2011,238000,1.4,Benzin,Manuelni 5 brzina,4700,Leskovac,2026-07-15
car_314,2003,190000,1.4,Dizel,Manuelni 5 brzina,1420,Koceljeva,2026-07-15
car_315,2017,176000,1.6,Dizel,Manuelni 5 brzina,5890,Novi Sad,2026-07-15
car_316,2012,298500,1.4,Dizel,Manuelni 5 brzina,3000,Barič,2026-07-15
car_317,2017,167000,1.6,Dizel,Manuelni 5 brzina,7700,Apatin,2026-07-15
car_318,2007,160000,1.1,Benzin,Manuelni 5 brzina,2300,Pančevo,2026-07-15
car_319,2014,273000,1.4,Dizel,Manuelni 5 brzina,3899,Beograd,2026-07-15
car_320,2002,280000,1.4,Dizel,Manuelni 5 brzina,1650,Radenković,2026-07-15
car_321,2007,192509,1.4,Benzin,Manuelni 5 brzina,2500,Valjevo,2026-07-15
car_322,2005,201000,1.4,Dizel,Manuelni 5 brzina,2350,Paraćin,2026-07-15
car_323,2007,342000,1.4,Dizel,Manuelni 5 brzina,1500,Radičević,2026-07-15
car_324,2004,136620,1.4,Benzin,Manuelni 5 brzina,2490,Mali Beograd,2026-07-15
car_325,2014,229000,1.4,Dizel,Manuelni 5 brzina,3950,Novi Sad,2026-07-15
car_326,2009,191287,1.6,Dizel,Manuelni 5 brzina,2900,Kragujevac,2026-07-15
car_327,2016,98000,1.6,Dizel,Manuelni 5 brzina,2700,Valjevo,2026-07-15
car_328,2020,140000,1.2,Benzin,Manuelni 5 brzina,7500,Smederevo,2026-07-15
car_329,2006,27300,1.4,Dizel,Manuelni 5 brzina,2100,Kragujevac,2026-07-15
car_330,2019,185000,1.5,Dizel,Manuelni 5 brzina,9200,Bela Crkva,2026-07-15
car_331,2008,230000,1.4,Benzin,Manuelni 5 brzina,1800,Plandište,2026-07-15
car_332,2010,179000,1.4,Benzin + Gas (TNG),Manuelni 5 brzina,4199,Niš,2026-07-15
car_333,2010,205800,1.4,Benzin,Manuelni 5 brzina,3450,Kruševac,2026-07-15
car_334,2003,204000,1.1,Benzin,Manuelni 5 brzina,1550,Subotica,2026-07-15
car_335,2007,340000,1.4,Dizel,Manuelni 5 brzina,2100,Šabac,2026-07-15
car_336,2003,395000,1.4,Dizel,Manuelni 5 brzina,1400,Mladenovac,2026-07-15
